科修达有限公司,万科企业股份有限公司
深圳市全新好股份有限公司,上海上海量宽技术有限公司
深圳市宝安宝利来实业有限公司,神州高铁技术股份有限公司
中国北方工业公司,中国南玻集团股份有限公司
前海人寿保险股份有限公司,中国南玻集团股份有限公司
深圳南玻显示器件科技有限公司,中国南玻集团股份有限公司
深圳南玻显示器件科技有限公司,中国南玻集团股份有限公司
深业沙河（集团）有限公司,沙河实业股份有限公司
深圳中恒华发股份有限公司,深圳市中恒华发科技有限公司
深圳能源集团股份有限公司,国泰君安
深圳能源集团股份有限公司,长城证券股份有限公司
深圳长城开发科技股份有限公司,深圳市桑达实业股份有限公司
神州数码集团股份有限公司,郭为
神州数码集团股份有限公司,郭为
深圳大通实业股份有限公司,朱兰英
东旭集团有限公司,东旭蓝天新能源股份有限公司
东旭集团有限公司,东旭蓝天新能源股份有限公司
深圳市中洲投资控股股份有限公司,青岛市源洲投资有限公司
深圳市中洲投资控股股份有限公司,深圳中洲集团有限公司
深圳市中洲投资控股股份有限公司,青岛市源洲投资有限公司
深圳市中洲投资控股股份有限公司,深圳中洲集团有限公司
深圳格兰云天酒店管理有限公司,中航地产股份有限公司
深圳航空标准件有限公司,中航地产
泛海控股股份有限公司,中国泛海控股集团有限公司
泛海控股股份有限公司,泛海资本投资管理集团有限公司
泛海控股股份有限公司,中国泛海控股集团有限公司
中国泛海控股集团有限公司,泛海控股股份有限公司
深圳华强,杨林
深圳市华融泰资产管理有限公司,深圳华控赛格股份有限公司
深圳华侨城文化控股有限公司,深圳华侨城股份有限公司
深圳市机场股份有限公司,深圳市机场（集团）有限公司
深圳市机场股份有限公司,深圳市机场（集团）有限公司
深圳市机场股份有限公司,深圳市机场（集团）有限公司
宜华健康医疗股份有限公司,林正刚
安徽丰原药业股份有限公司,安徽丰原集团有限公司
安徽丰原药业股份有限公司,安徽丰原集团有限公司
振兴集团有限公司,振兴生化股份有限公司
沈阳机床股份有限公司,云科智能制造（沈阳）有限公司
渤海金控投资股份有限公司,聚宝互联科技（深圳）股份有限公司
海航资本集团有限公司,渤海金控投资股份有限公司
渤海金控投资股份有限公司,海口美兰国际机场有限责任公司
南京公共交通（集团）有限公司,南京公用发展股份有限公司
寿光晨鸣控股有限公司,山东晨鸣纸业集团股份有限公司
山东高速集团有限公司,山东高速路桥集团股份有限公司
中海恒实业发展有限公司,海虹企业(控股)股份有限公司
海南海虹资产管理有限公司,海虹企业(控股)股份有限公司
南华生物医药股份有限公司,湖南省财信产业基金管理有限公司
南华生物医药股份有限公司,南省财信产业基金管理有限公司
北京市万发房地产开发有限责任公司,海南珠江控股股份有限公司
金路集团,虞云新
健康元药业集团股份有限公司,丽珠医药集团股份有限公司
珠海横琴新区观联谷投资合伙企业（有限合伙）,丽珠医药集团股份有限公司
重庆市城市建设投资（集团）有限公司,重庆渝开发股份有限公司
江南工业集团有限公司,中兵红箭股份有限公司
江南工业集团有限公司,中兵红箭股份有限公司
刘宏伟,合肥美菱股份有限公司
广西柳工机械股份有限公司,广西康明斯工业动力有限公司
柳州柳工液压件有限公司,广西柳工机械股份有限公司
大连冷冻机股份有限公司,三洋电机株式会社
大连冷冻机股份有限公司,大连富士冰山自动售货机有限公司
大连冷冻机股份有限公司,三洋电机株式会社
大连冷冻机股份有限公司,三洋电机株式会社
大连冷冻机股份有限公司,大连冰山国际贸易有限公司
大连冷冻机股份有限公司,大连冰山集团有限公司
大连冷冻机股份有限公司,大连冰山国际贸易有限公司
珠海华金资本股份有限公司,珠海华发集团财务有限公司
深圳力合信息港投资发展有限公司,珠海华金资本股份有限公司
深圳市万泽房地产开发集团有限公司,万泽实业股份有限公司
云南白药集团股份有限公司,红塔证券股份有限公司
金世旗国际控股股份有限公司,中天金融集团股份有限公司
金世旗国际控股股份有限公司,中天金融集团股份有限公司
佛山电器照明股份有限公司,佑昌灯光器材有限公司
佛山电器照明股份有限公司,佑昌灯光器材有限公司
佛山电器照明股份有限公司,佑昌灯光器材有限公司
郑州市热力总公司,中原环保
郑州市热力总公司,中原环保
郑州市热力总公司,中原环保
郭金东,金浦钛业股份有限公司
郭金东,金浦钛业股份有限公司
郭金东,金浦钛业股份有限公司
金圆水泥股份有限公司,金圆控股集团有限公司
新疆国力民生股权投资有限公司,航天工业发展股份有限公司
重庆化医紫光新材料有限责任公司,重庆三峡油漆股份有限公司
海南海药股份有限公司,深圳市南方同正投资有限公司
何妮,新大洲控股股份有限公司
天津大通投资集团有限公司,四川大通燃气开发股份有限公司
宝塔实业股份有限公司,北京宝塔石化有限责任公司
德邦-<e2>东北制药</e2>复兴1号定向资产管理计划,东北制药
双星集团有限责任公司,青岛双星股份有限公司
双星集团有限责任公司,青岛双星股份有限公司
前海人寿保险股份有限公司,广东韶能集团股份有限公司
前海人寿保险股份有限公司,广东韶能集团股份有限公司
盛达矿业股份有限公司,甘肃盛达集团股份有限公司
神州易桥,彭聪
西藏鼎信电子科技有限公司,神州易桥信息服务股份有限公司
中国稀有稀土有限公司,焦作万方铝业股份有限公司
海航资产管理集团有限公司,海航投资集团股份有限公司
新华联控股有限公司,新华联文化旅游发展股份有限公司
吉林敖东药业集团股份有限公司,吉林敖东延边药业股份有限公司
远大产业控股股份有限公司,金波
远大产业控股股份有限公司,金波
刘益谦,天茂实业集团股份有限公司
刘益谦,天茂实业集团股份有限公司
新理益集团有限公司,天茂实业集团股份有限公司
成都倍特建设开发有限公司,成都高新发展股份有限公司
万方城镇投资发展股份有限公司,张晖
仁和药业股份有限公司,江西仁和药业有限公司
仁和药业股份有限公司,肖正连
仁和药业股份有限公司,杨潇
金科地产集团股份有限公司,重庆融创基业房地产开发有限公司
张桂珍,天夏智慧城市科技股份有限公司
广西索芙特集团有限公司,天夏智慧城市科技股份有限公司
广西索芙特集团有限公司,天夏智慧城市科技股份有限公司
名流投资集团有限公司,美好置业集团股份有限公司
刘道明,美好置业集团股份有限公司
名流投资集团有限公司,美好置业集团股份有限公司
陈志成,盈方微电子股份有限公司
陈志成,盈方微电子股份有限公司
阳光城集团股份有限公司,阳光城控股集团有限公司
甘肃上峰水泥股份有限公司,浙江上峰控股集团有限公司
深圳市思达高科投资有限公司,智度科技股份有限公司
深圳市思达高科投资有限公司,智度科技股份有限公司
恒天海龙股份有限公司,江西泰德工程有限公司
大连友谊集团有限公司,大连友谊(集团)股份有限公司
内蒙古远兴能源股份有限公司,内蒙古晶丰清洁能源有限责任公司
内蒙古远兴能源股份有限公司,内蒙古博源控股集团有限公司
中山公用,中山中汇投资集团有限公司
深圳市前海华讯方舟科技有限公司,华讯方舟股份有限公司
广东宝丽华新能源股份有限公司,百合网股份有限公司
兰州亚太工贸集团有限公司,海南亚太实业发展股份有限公司
厦门国贸控股有限公司,厦门信达股份有限公司
厦门信达股份有限公司,厦门国贸控股有限公司
厦门国贸控股有限公司,厦门信达股份有限公司
厦门国贸控股有限公司,厦门信达股份有限公司
新疆宜化化工有限公司,湖北双环科技股份有限公司
湖北双环科技股份有限公司,湖北宜化化工股份有限公司
湖北双环科技股份有限公司,湖北宜化化工股份有限公司
京蓝科技股份有限公司,乌力吉
京蓝科技股份有限公司,杨树蓝天
合肥城改投资建设（集团）有限公司,合肥丰乐种业股份有限公司
山西美锦能源股份有限公司,山西亚太焦化冶镁有限公司
山西美锦能源股份有限公司,山西亚太焦化冶镁有限公司
安徽国元控股（集团）有限责任公司,国元证券股份有限公司
国元证券股份有限公司,安徽省股权托管交易中心有限责任公司
国元证券股份有限公司,安徽国元控股（集团）有限责任公司
国元证券股份有限公司,安徽国元控股（集团）有限责任公司
温州德欣投资有限公司,中房地产股份有限公司
中房地产股份有限公司,中国房地产开发集团有限公司
通化金马,北京晋商联盟投资管理有限公司
大同煤矿集团有限责任公司,山西漳泽电力股份有限公司
西安飞机工业（集团）运输有限公司,中航飞机股份有限公司
广发证券股份有限公司,辽宁成大股份有限公司
广发证券股份有限公司,广发期货有限公司
广发证券股份有限公司,吉林敖东药业集团股份有限公司
广发证券股份有限公司,辽宁成大股份有限公司
新兴际华集团有限公司,新兴铸管股份有限公司
新兴铸管股份有限公司,新兴发展集团有限公司
长江证券股份有限公司,上海长江财富资产管理有限公司
北新建材,贾同春及其一致行动人
北新建材集团有限公司,北新集团建材股份有限公司
四川广安思源酒店有限责任公司,成都泰合健康科技集团股份有限公司
四川广安思源酒店有限责任公司,成都泰合健康科技集团股份有限公司
甘肃电投能源发展股份有限公司,甘肃电投房地产开发有限责任公司
华闻传媒投资集团股份有限公司,合一信息技术（北京）有限公司
海航旅游集团有限公司,海航凯撒旅游集团股份有限公司
易生金服控股集团有限公司,海航凯撒旅游集团股份有限公司
四川九洲电器股份有限公司,四川九洲电器集团有限责任公司
云南铝业股份有限公司,云南冶金集团股份有限公司
云南铝业股份有限公司,云南冶金集团股份有限公司
云南铝业股份有限公司,昆明冶金研究院
云南文山铝业有限公司,云南铝业股份有限公司
云南铝业股份有限公司,云南云铝润鑫铝业有限公司
陕西金叶科教集团股份有限公司,袁伍妹
中冶纸业集团有限公司,中冶美利云产业投资股份有限公司
江苏农华智慧农业科技股份有限公司,重庆东银控股集团有限公司
江苏农华智慧农业科技股份有限公司,重庆东银控股集团有限公司
京山轻机,王伟
中信国安投资有限公司,中信国安信息产业股份有限公司
中信国安投资有限公司,中信国安信息产业股份有限公司
中信国安信息产业股份有限公司,中信数字媒体网络有限公司
中信国安信息产业股份有限公司,湖北省广播电视信息网络股份有限公司
中信国安信息产业股份有限公司,湖北广电
中信国安信息产业股份有限公司,中信国安集团有限公司
国泰君安员工持股1号-宜宾<e2>五粮液</e2>第1期员工持股计划定向资产管理计划,五粮液
合肥市产业投资控股（集团）有限公司,安徽国风塑业股份有限公司
安徽国风集团有限公司,安徽国风塑业股份有限公司
北京顺鑫控股集团有限公司,北京顺鑫农业股份有限公司
北京顺鑫控股集团有限公司,北京顺鑫农业股份有限公司
北京顺鑫控股集团有限公司,北京顺鑫农业股份有限公司
北京顺鑫控股集团有限公司,北京顺鑫农业股份有限公司
云南铜业（集团）有限公司,云南铜业股份有限公司
北京华联商厦股份有限公司,深圳池杉常青股权投资中心（有限合伙）
北京华联商厦股份有限公司,上海镕尚和中信夹层
北京华联商厦股份有限公司,华联综超
湖北能源集团股份有限公司,湖北省能源集团有限公司
江苏法尔胜股份有限公司,法尔胜阜宁金属制品有限公司
江苏法尔胜股份有限公司,江苏法尔胜精细钢绳有限公司
广州植之元控股有限公司,广州东凌国际投资股份有限公司
攀钢集团西昌钢钒有限公司,鞍钢股份有限公司
江西赣能股份有限公司,江西省投资集团公司
江西赣能股份有限公司,江西省投资集团公司
江西赣能股份有限公司,江西省投资集团公司
厦门港务发展股份有限公司,厦门港务控股集团有限公司
大亚科技集团有限公司,大亚圣象家居股份有限公司
四川泸天化股份有限公司,四川泸天化中蓝新材料有限公司
浙江钱江摩托股份有限公司,钱江集团有限公司
湖南电广传媒股份有限公司,深圳市达晨财智创业投资管理有限公司
湖南电广传媒股份有限公司,深圳市达晨创业投资有限公司
浙江国大集团有限责任公司,嘉凯城集团股份有限公司
南方汇通股份有限公司,蔡志奇
福星集团控股有限公司,湖北福星科技股份有限公司
中国第一汽车股份有限公司,天津一汽夏利汽车股份有限公司
湖南华菱钢铁股份有限公司,湖南华菱钢铁集团有限责任公司
河南神火煤电股份有限公司,河南神火集团有限公司
河南神火煤电股份有限公司,河南神火集团有限公司
河南神火煤电股份有限公司,河南神火集团有限公司
四川双马水泥股份有限公司,拉法基瑞安水泥有限公司
冀中能源集团有限责任公司,冀中能源股份有限公司
北京紫光京通科技有限公司,紫光股份有限公司
同方计算机有限公司,紫光股份有限公司
重庆建峰化工股份有限公司,建峰（开曼）有限公司
重庆建峰工业集团有限公司,重庆建峰化工股份有限公司
郭芳,中国重汽
于有德,中国重汽集团济南卡车股份有限公司
湖北广济药业股份有限公司,湖北华科投资有限公司
湖北省长江产业投资集团有限公司,湖北广济药业股份有限公司
国家电投集团石家庄东方能源股份有限公司,石家庄东方热电集团有限公司
北京首钢基金有限公司,北京首钢股份有限公司
江苏中南建设集团股份有限公司,中南控股集团有限公司
华东医药股份有限公司,杭州中美华东制药有限公司
中国远大集团有限责任公司,华东医药股份有限公司
浙江上风高科专风实业有限公司,盈峰环境科技集团股份有限公司
银泰资源股份有限公司,沈国军
浪潮软件集团有限公司,浪潮电子信息产业股份有限公司
浪潮软件集团有限公司,浪潮电子信息产业股份有限公司
九芝堂,李振国
宁德市国有资产投资经营有限公司,福建闽东电力股份有限公司
宁德市国有资产投资经营有限公司,福建闽东电力股份有限公司
中期集团有限公司,中国中期投资股份有限公司
福建新大陆电脑股份有限公司,林建
福建新大陆电脑股份有限公司,林建
袁隆平农业高科技股份有限公司,深圳隆平金谷种业有限公司
重庆宗申机车工业制造有限公司,重庆宗申动力机械股份有限公司
鸿达兴业,周奕丰
鸿达兴业股份有限公司,周奕丰
广东德豪润达照明系统工程有限公司,广东德豪润达电气股份有限公司
惠州德豪消防照明标识有限公司,广东德豪润达电气股份有限公司
广东德豪润达电气股份有限公司,大连德润达实业有限公司
京新控股集团有限公司,浙江京新药业股份有限公司
吕钢,浙江京新药业股份有限公司
上海科华生物工程股份有限公司,BIOMERIEUX HK INVESTMENT LIMITED
苏宁云商集团股份有限公司,苏宁消费金融有限公司
安信-苏宁众承2号定向资产管理计划,苏宁云商集团股份有限公司
贵州航天电器股份有限公司,遵义朝晖航天电器有限责任公司
贵州航天电器股份有限公司,贵州航天工业有限责任公司
贵州航天电器股份有限公司,贵州航天工业有限责任公司
贵州航天电器股份有限公司,贵州航天工业有限责任公司
贵州航天电器股份有限公司,贵州航天工业有限责任公司
招证资管-<e2>达安基因</e2>员工持股计划定向资产管理计划,达安基因
浙江苏泊尔股份有限公司,Grain Harvest Development Limited
浙江苏泊尔股份有限公司,Grain Harvest Development Limited
浙江苏泊尔股份有限公司,苏泊尔集团有限公司
鲍凤娇,美欣达
湖州<e2>美欣达</e2>丝绸印染有限公司,美欣达
宁波霞日宜科纺织品商贸有限公司,联创电子科技股份有限公司
江西鑫盛投资有限公司,联创电子
山东登海种业股份有限公司,王元仲
山东登海种业股份有限公司,王元仲
山东登海种业股份有限公司,吴树科
山东登海种业股份有限公司,李小霞
兔宝宝,德清德航游艇制造有限公司
美年大健康产业控股股份有限公司,上海天亿资产管理有限公司
美年大健康产业控股股份有限公司,上海天亿资产管理有限公司
南通新城集团永兴汽车销售服务有限公司,美年大健康产业控股股份有限公司
深圳市宝矽投资有限公司,深圳市宝鹰建设控股集团股份有限公司
宁波峰梅实业有限公司,宁波华翔电子股份有限公司
北京亚仕同方科技有限公司,紫光国芯股份有限公司
北京亚仕同方科技有限公司,紫光国芯股份有限公司
北京亚仕同方科技有限公司,紫光国芯股份有限公司
西藏<e2>紫光国芯</e2>投资有限公司,紫光国芯
浙江三花智能控制股份有限公司,杭州三花研究院有限公司
浙江三花智能控制股份有限公司,浙江三花钱江汽车部件集团有限公司
广东德美精细化工集团股份有限公司,高明波
横店集团东磁股份有限公司,横店集团东磁有限公司
横店集团东磁股份有限公司,浙江省东阳市诚基电机有限公司
远光软件,
景德镇市焦化工业集团有限责任公司,江西黑猫炭黑股份有限公司
景德镇井冈山北汽创新发展投资中心（有限合伙）,江西黑猫炭黑股份有限公司
长海县<e2>獐子岛</e2>投资发展中心,獐子岛
獐子岛集团股份有限公司,大连翔祥食品有限公司
长海县獐子岛投资发展中心,獐子岛集团股份有限公司
江苏沙钢股份有限公司,苏州卿峰投资管理有限公司
柴国生,广东雪莱特光电科技股份有限公司
佛山雪莱特电子商务有限公司,广东雪莱特光电科技股份有限公司
江苏大港股份有限公司,王刚
江苏瀚瑞投资控股有限公司,江苏大港股份有限公司
山东太阳控股集团有限公司,山东太阳纸业股份有限公司
山东太阳控股集团有限公司,山东太阳纸业股份有限公司
山东太阳控股集团有限公司,山东太阳纸业股份有限公司
山东太阳控股集团有限公司,山东太阳纸业股份有限公司
苏州固锝电子股份有限公司,苏州超樊电子有限公司
江苏国泰国际集团国贸股份有限公司,江苏国泰国际集团东方进出口有限公司
青岛金王集团有限公司,青岛金王应用化学股份有限公司
广博股份,王利平
河北沧州东塑集团股份有限公司,沧州明珠塑料股份有限公司
河北沧州东塑集团股份有限公司,沧州明珠塑料股份有限公司
沧州洁通塑料有限公司,沧州明珠塑料股份有限公司
河北沧州东塑集团股份有限公司,沧州明珠塑料股份有限公司
广东恒润互兴资产管理有限公司,湖南天润数字娱乐文化传媒股份有限公司
广东恒润互兴资产管理有限公司,湖南天润数字娱乐文化传媒股份有限公司
中国轻工集团公司,中国海诚工程科技股份有限公司
中国海诚工程科技股份有限公司,长沙长泰智能装备有限公司
中国轻工集团公司,中国海诚工程科技股份有限公司
东证资管-东港股份定向资产管理计划,东港股份有限公司
深圳市科陆电子科技股份有限公司,江西科能储能电池系统有限公司
湘潭电化集团有限公司,湘潭电化科技股份有限公司
湘潭电化科技股份有限公司,湘潭振湘国有资产经营投资有限公司
湘潭电化科技股份有限公司,湘潭电化集团有限公司
内蒙古霍林河露天煤业股份有限公司,中电投蒙东能源集团有限责任公司
郑晓东,利欧集团股份有限公司
郑晓东,利欧集团股份有限公司
郑晓东,利欧集团股份有限公司
郑晓东,利欧集团股份有限公司
北京赢销通软件技术有限公司,深圳市麦达数字股份有限公司
北京赢销通软件技术有限公司,深圳市麦达数字股份有限公司
乔昕,深圳市麦达数字股份有限公司
肖文革,印纪娱乐传媒股份有限公司
宏达高科控股股份有限公司,宏达控股集团有限公司
宏达高科控股股份有限公司,宏达控股集团有限公司
荣盛控股股份有限公司,荣盛房地产发展股份有限公司
广州广电运通金融电子股份有限公司,广州无线电集团有限公司
报喜鸟控股股份有限公司,报喜鸟集团有限公司
武汉三特索道集团股份有限公司,天风证券股份有限公司
武汉三特索道集团股份有限公司,神农架三特物业开发管理有限公司
武汉晟道创业投资基金管理有限公司,武汉三特索道集团股份有限公司
远望谷,顾清
顾清,深圳市远望谷信息技术股份有限公司
顾清,远望谷
顾清,远望谷
江苏宝源投资管理有限公司,红宝丽集团股份有限公司
江苏宝源投资管理有限公司,红宝丽集团股份有限公司
吕晓义,深圳市惠程电气股份有限公司
吕晓义,深圳市惠程电气股份有限公司
吕晓义,深圳市惠程电气股份有限公司
澳洋科技,朱宝元
创新医疗管理股份有限公司,上海康瀚投资管理中心（有限合伙）
创新医疗管理股份有限公司,上海康瀚投资管理中心（有限合伙）
林奇,游族网络股份有限公司
崔荣,游族网络股份有限公司
纳思达股份有限公司,APEX LEADER LIMITED
深圳市劲嘉创业投资有限公司,深圳劲嘉集团股份有限公司
新疆金风科技股份有限公司,新疆新能源(集团)有限责任公司
浙江海利得新材料股份有限公司,高利民
高王伟,浙江海利得新材料股份有限公司
新疆准东石油技术股份有限公司,新疆融汇湘疆创业投资有限合伙企业
广州达意隆包装机械股份有限公司,广州一道注塑机械股份有限公司
广州达意隆包装机械股份有限公司,广州一道注塑机械有限公司
广州华新达投资管理有限公司,广州达意隆包装机械股份有限公司
广州华新达投资管理有限公司,广州达意隆包装机械股份有限公司
深圳诺普信农化股份有限公司,深圳农金圈金融服务有限公司
深圳市融信南方投资有限公司,深圳诺普信农化股份有限公司
泰和县行健投资有限公司,合力泰科技股份有限公司
杜方,奥维通信股份有限公司
诸一楠,奥维通信股份有限公司
奥维通信股份有限公司,程雪平
奥维通信,程雪平
钟烈华,广东塔牌集团股份有限公司
奥特佳,王进飞
深圳盛屯集团有限公司,广东威华股份有限公司
歌尔股份有限公司,潍坊歌尔集团有限公司
江苏澳洋顺昌股份有限公司,绿伟有限公司
中国北方化学工业集团有限公司,四川北方硝化棉股份有限公司
中山大洋电机股份有限公司,西藏升安能实业有限公司
苏州海陆重工股份有限公司,钱仁清
徐冉,海陆重工
张忠革,拓维信息
浙江大东南股份有限公司,大东南(香港)有限公司
福建省怡和房地产开发有限公司,新华都
云南西仪工业股份有限公司,哈尔滨诺雷西仪机械制造有限责任公司
浙富控股集团股份有限公司,宁波浙富毅铭投资合伙企业（有限合伙）
浙江水晶光电科技股份有限公司,台州星星置业有限公司
浙江水晶光电科技股份有限公司,浙江星星科技股份有限公司
浙江水晶光电科技股份有限公司,叶仙玉
浙江水晶光电科技股份有限公司,浙江星星科技股份有限公司
桂林三金药业股份有限公司,桂林三金集团股份有限公司
长沙百利房地产开发有限公司,湖南友谊阿波罗商业股份有限公司
北京久其科技投资有限公司,北京久其软件股份有限公司
武汉藏龙光电子股权投资基金企业（有限合伙）,武汉光迅科技股份有限公司
浙江亚太机电股份有限公司,杭州亚太智能装备有限公司
深圳世联行地产顾问股份有限公司,深圳合众创新投资管理合伙企业(有限合伙）
深圳世联行地产顾问股份有限公司,深圳世联同创资产管理有限公司
奇正藏药,甘肃远志置业投资管理有限责任公司
河南辉煌科技股份有限公司,北京七彩通达传媒股份有限公司
中建新疆建工（集团）有限公司,中建西部建设股份有限公司
中国电建地产集团有限公司,南国置业股份有限公司
中层管理人员,威创集团股份有限公司
凯文诺投资公司,深圳日海通讯技术股份有限公司
深圳市凯文诺投资合伙企业（有限合伙）,深圳日海通讯技术股份有限公司
河南华英房地产开发有限责任公司,河南华英农业发展股份有限公司
陆永,江苏雅百特科技股份有限公司
陆永,江苏雅百特科技股份有限公司
宋琳,上海新朋实业股份有限公司
得利斯,山东得利斯置业有限公司
厦门科华恒盛股份有限公司,漳州耐欧立斯科技有限责任公司
格林美,陈星题
格林美,陈星题
格林美股份有限公司,陈星题
侯毅,深圳市新纶科技股份有限公司
河北巨力房地产开发有限公司,巨力索具股份有限公司
王玫,慈文传媒股份有限公司
王玫,慈文传媒股份有限公司
王志成,兴民智通
王志成,兴民智通(集团)股份有限公司
深圳赫美集团股份有限公司,唐军
王荣安,深圳赫美集团股份有限公司
王荣安,深圳赫美集团股份有限公司
王荣安,深圳赫美集团股份有限公司
四川富临运业集团股份有限公司,四川富临实业集团有限公司
四川富临运业集团股份有限公司,四川时代金橙汽车贸易有限公司
安治富,四川富临运业集团股份有限公司
四川富临运业集团股份有限公司,四川富临实业集团有限公司
四川富临运业集团股份有限公司,四川富临实业集团有限公司
神剑股份,徐昭
朱国锭,杭州中恒电气股份有限公司
杭州中恒电气股份有限公司,杭州中恒派威电源有限公司
王友林,康力电梯股份有限公司
王友林,康力电梯股份有限公司
太极计算机股份有限公司,中国电子科技集团海洋信息技术研究院有限公司
亚厦控股有限公司,浙江亚厦装饰股份有限公司
郭信平,北京合众思壮科技股份有限公司
薛素,北京大北农科技集团股份有限公司
大北农,
惠州市彩玉微晶新材有限公司,深圳市新亚电子制程股份有限公司
惠州市彩玉微晶新材有限公司,深圳市新亚电子制程股份有限公司
邵奕兴,浙江南洋科技股份有限公司
天津力生制药股份有限公司,天津生物化学制药有限公司
浙江嘉欣丝绸股份有限公司,浙江晟欣实业发展有限公司
李云峰,多氟多化工股份有限公司
李云峰,多氟多化工股份有限公司
杭州海康威视数字技术股份有限公司,中国电子科技财务有限公司
广州华南新材料创新园有限公司,广州毅昌科技股份有限公司
重庆长安民生物流股份有限公司,中原特钢股份有限公司
南方工业资产管理有限责任公司,中原特钢股份有限公司
浙江尤夫高新纤维股份有限公司,佳源有限公司
杭州制氧机集团有限公司,杭州杭氧股份有限公司
广东太安堂药业股份有限公司,潮州市潮安区金麒麟投资有限公司
珠海旭日隆昌投资合伙企业（有限合伙）,哈尔滨誉衡药业股份有限公司
启明星辰信息技术集团股份有限公司,王佳原
众业达电气股份有限公司,浙江海宁瑞业投资合伙企业（有限合伙）
刘江山,龙星化工股份有限公司
浙江金洲管道科技股份有限公司,北京花开富贵投资管理有限公司
浙江金洲管道科技股份有限公司,北京富贵花开投资管理有限公司
金洲管道,北京富贵花开投资管理有限公司
张牧野,中南文化
中南文化,
杨华,广东盛路通信科技股份有限公司
深圳欧菲光科技股份有限公司,深圳德方投资咨询有限公司
北京天骥恒通科技有限公司,秦皇岛天业通联重工股份有限公司
秦皇岛天业通联重工股份有限公司,辽宁博联特冶金科技有限公司
李良彬,江西赣锋锂业股份有限公司
浙江双环传动机械股份有限公司,重庆世玛德智能制造有限公司
广田控股集团有限公司,深圳广田集团股份有限公司
叶远东,深圳广田集团股份有限公司
叶远东,深圳广田集团股份有限公司
孙锋峰,金固股份
通鼎互联信息股份有限公司,黄健
通鼎互联信息股份有限公司,通鼎集团有限公司
沈小平,通鼎互联信息股份有限公司
贺国英,华斯控股股份有限公司
四川雅化实业集团股份有限公司,深圳金奥博科技有限公司
青岛汉缆股份有限公司,青岛汉河集团股份有限公司
协鑫集成科技股份有限公司,瑞峰（张家港）光伏科技有限公司
苏州国鑫所投资有限公司,协鑫集成科技股份有限公司
周斌全,重庆市涪陵榨菜集团股份有限公司
天广中茂股份有限公司,邱茂国
中山达华智能科技股份有限公司,新东网科技有限公司
中山达华智能科技股份有限公司,方江涛
金字火腿股份有限公司,金字冷冻食品城有限公司
江苏旷达创业投资有限公司,旷达科技集团股份有限公司
杨晓玲,江苏银河电子股份有限公司
李安东,齐峰新材料股份有限公司
光正集团股份有限公司,孙烨
光正投资有限公司,光正集团股份有限公司
赵笃学,山东矿机集团股份有限公司
赵华涛,山东矿机集团股份有限公司
金杯电工股份有限公司,湖南云冷投资管理股份有限公司
杭州锅炉集团股份有限公司,钱学强
周银宝,杭州锅炉集团股份有限公司
杭州悦基节能科技有限公司,杭州锅炉集团股份有限公司
宋睿,成都云图控股股份有限公司
周福海,江苏亚太轻合金科技股份有限公司
银华财富资本管理（北京）有限公司,中化岩土集团股份有限公司
深圳市金新农科技股份有限公司,芜湖九派金新农产业股权投资基金（有限合伙）
陈俊海,金新农
梁桂秋,深圳市尚荣医疗股份有限公司
梁桂秋,深圳市尚荣医疗股份有限公司
安徽辉隆农资集团股份有限公司,安徽辉隆置业发展有限公司
洽洽食品股份有限公司,合肥华泰集团股份有限公司
合肥动力食品有限公司,洽洽食品股份有限公司
重庆拨萃商务信息咨询合伙企业（有限合伙）,巨人网络集团股份有限公司
江苏亚威机床股份有限公司,朱正强
森马集团有限公司,浙江森马服饰股份有限公司
浙江森马集团有限公司,浙江森马服饰股份有限公司
上海百润投资控股集团股份有限公司,刘晓东
姜煜峰,江苏通达动力科技股份有限公司
杨林,惠州中京电子科技股份有限公司
杨林,惠州中京电子科技股份有限公司
石聚彬,好想你
陈清州,海能达通信股份有限公司
浙江万安科技股份有限公司,万安集团有限公司
共青城志恒投资管理合伙企业（有限合伙）,江西恒大高新技术股份有限公司
石家庄以岭药业股份有限公司,以岭健康城科技有限公司
江苏国信股份有限公司,江苏舜天资产经营有限公司
江苏爱康科技股份有限公司,香港爱康电力国际控股有限公司
何启强,广东长青(集团)股份有限公司
常州亚玛顿股份有限公司,江苏中弘光伏工程技术有限公司
常州亚玛顿股份有限公司,江苏中弘光伏工程技术有限公司
常州亚玛顿股份有限公司,江苏中弘光伏工程技术有限公司
常州亚玛顿股份有限公司,江苏中弘光伏工程技术有限公司
厦门金达威集团股份有限公司,上海燃卡贸易有限公司
江斌,厦门金达威集团股份有限公司
江斌,厦门金达威集团股份有限公司
金达威,厦门佰盛特生物科技有限公司
宜昌交通旅游产业发展集团有限公司,湖北宜昌交运集团股份有限公司
华西能源工业股份有限公司,玉林川能华西环保发电有限公司
杭州永银投资合伙企业（有限合伙）,赞宇科技集团股份有限公司
林汝捷,福建雪人股份有限公司
林汝捷,福建雪人股份有限公司
跨境通宝电子商务股份有限公司,深圳前海帕拓逊网络技术有限公司
永高股份有限公司,公元塑业集团有限公司
永高股份有限公司,卢彩芬
永高股份有限公司,公元塑业集团有限公司
永高股份有限公司,公元塑业集团有限公司
中节能资本控股有限公司,中节能万润股份有限公司
浙江泰晟新材料科技有限公司,民盛金科控股股份有限公司
浙江泰晟新材料科技有限公司,民盛金科控股股份有限公司
浙江泰晟新材料科技有限公司,民盛金科控股股份有限公司
浙江泰晟新材料科技有限公司,民盛金科控股股份有限公司
浙江泰晟新材料科技有限公司,民盛金科控股股份有限公司
浙江卫星石化股份有限公司,浙江卫星控股股份有限公司
深圳万润科技股份有限公司,深圳市日进投资有限公司
深圳万润科技股份有限公司,深圳市日进投资有限公司
朱烨东,北京中科金财科技股份有限公司
朱烨东,北京中科金财科技股份有限公司
江苏中泰桥梁钢构股份有限公司,北京文华学信教育投资有限公司
广东奥马电器股份有限公司,赵国栋
桑德（天津）再生资源投资控股有限公司,东江环保股份有限公司
桑德（天津）再生资源投资控股有限公司,东江环保股份有限公司
吴美莉,兴业皮革科技股份有限公司
福建金森集团有限公司,福建金森林业股份有限公司
广东宏大爆破股份有限公司,郑明钗
广东猛狮新能源科技股份有限公司,汕头市猛狮房地产有限公司
广东猛狮工业集团有限公司,广东猛狮新能源科技股份有限公司
沈阳远大智能工业集团股份有限公司,沈阳远大铝业集团有限公司
孙忠义,百洋产业投资集团股份有限公司
哈尔滨博实自动化股份有限公司,哈尔滨工大金涛科技股份有限公司
美盛控股集团有限公司,美盛文化创意股份有限公司
上海原龙投资有限公司,奥瑞金包装股份有限公司
任思龙,上海良信电器股份有限公司
众信旅游,郭洪斌
冯滨,众信旅游集团股份有限公司
马晓静,东易日盛家居装饰集团股份有限公司
秦英林,牧原食品股份有限公司
岭南园林股份有限公司,尹洪卫
新疆<e2>麦趣尔</e2>集团有限责任公司,麦趣尔
钟葱,北京金一文化发展股份有限公司
山东龙大肉食品股份有限公司,山东龙藤不二食品有限公司
昆明生达制药有限公司,云南鸿翔一心堂药业(集团)股份有限公司
电光防爆科技股份有限公司,王建化
电光防爆科技股份有限公司,王建化
李新生,利民化工股份有限公司
苏清香,深圳市爱迪尔珠宝股份有限公司
刘梦龙,深圳市易尚展示股份有限公司
刘梦龙,深圳市易尚展示股份有限公司
刘梦龙,深圳市易尚展示股份有限公司
深圳市易尚展示股份有限公司,深圳市汇智成长投资企业（有限合伙）
曹国熊,浙江华通医药股份有限公司
肖行亦,深圳市索菱实业股份有限公司
第一创业,J.P.MorganHoldings(HongKong)Limited
第一创业证券股份有限公司,J.P.MorganBroking(HongKong)Limited
刘雨华,广州弘亚数控机械股份有限公司
东沣科技集团股份有限公司,铱格斯曼航空科技集团有限公司
瓦房店轴承集团有限责任公司,瓦房店轴承股份有限公司
瓦房店轴承股份有限公司,瓦房店轴承集团装备技术工程有限公司
瓦房店轴承股份有限公司,瓦房店轴承集团装备技术工程有限公司
瓦房店轴承精密锻压有限责任公司,瓦房店轴承股份有限公司
蒲忠杰,乐普(北京)医疗器械股份有限公司
邱宇,重庆莱美药业股份有限公司
邱宇,重庆莱美药业股份有限公司
刘金成,惠州亿纬锂能股份有限公司
刘金成,惠州亿纬锂能股份有限公司
网宿科技股份有限公司,储敏健
网宿科技股份有限公司,储敏健
洪珂,网宿科技股份有限公司
银江股份有限公司,银江科技集团有限公司
天津红日药业股份有限公司,江苏为真生物医药技术股份有限公司
北京华信实景股权投资合伙企业（有限合伙）,华谊兄弟传媒股份有限公司
金亚科技股份有限公司,周旭辉
周旭,金亚科技股份有限公司
邓冠华,阳普医疗
邓冠华,广州阳普医疗科技股份有限公司
邓冠华,广州阳普医疗科技股份有限公司
邓冠华,广州阳普医疗科技股份有限公司
上海凯宝药业股份有限公司,河南省联谊制药有限公司
上海凯宝药业股份有限公司,河南省新谊药业有限公司
员工持股计划,湖北回天新材料股份有限公司
陈友,深圳天源迪科信息技术股份有限公司
王冠一,内蒙古福瑞医疗科技股份有限公司
王冠一,内蒙古福瑞医疗科技股份有限公司
颜军,欧比特
颜军,珠海欧比特宇航科技股份有限公司
中能电气,王桂兰
郑州华晶金刚石股份有限公司,郑州高新科技企业加速器开发有限公司
理成南都资产管理计划,浙江南都电源动力股份有限公司
浙江南都电源动力股份有限公司,上海南都伟峰投资管理有限公司
辽宁奥克化学股份有限公司,上海德努弗投资管理有限公司
广东劲胜智能集团股份有限公司,夏军
刘奕,深圳市银之杰科技股份有限公司
安徽盛运环保(集团)股份有限公司,安徽盛运建筑安装工程有限公司
盛运环保,祥云盛运环保电力有限公司
罗伟广,金刚玻璃
易联众,福建易联众电子科技有限公司
大连智云自动化装备股份有限公司,师利全
谭永良,大连智云自动化装备股份有限公司
深圳市万讯云桥基金合伙企业（有限合伙）,深圳万讯自控股份有限公司
深圳市万讯云桥基金合伙企业（有限合伙）,深圳万讯自控股份有限公司
郭鸿宝,陕西坚瑞沃能股份有限公司
林海峰,东方日升新能源股份有限公司
公司第一期员工持股计划,上海泰胜风能装备股份有限公司
英唐智控,钟勇斌
柯维龙,福建青松股份有限公司
杜昉,浙江华策影视股份有限公司
宁波宋城七弦投资管理有限公司,宋城演艺发展股份有限公司
宁波宋城七弦投资管理有限公司,宋城演艺发展股份有限公司
宁波宋城七弦投资管理有限公司,宋城演艺发展股份有限公司
杭州宋城集团控股有限公司,宋城演艺发展股份有限公司
杭州宋城集团控股有限公司,宋城演艺发展股份有限公司
杭州宋城集团控股有限公司,宋城演艺发展股份有限公司
宋城演艺,刘岩
沈金浩,南方中金环境股份有限公司
广州佰禧投资管理合伙企业(有限合伙),汤臣倍健股份有限公司
天津丰利创新投资有限公司,徐州科融环境资源股份有限公司
天津丰利创新投资有限公司,徐州科融环境资源股份有限公司
科泰电源,
上海科泰电源股份有限公司,科泰能源（香港）有限公司
昆山瑞凌焊接科技有限公司,深圳市瑞凌实业股份有限公司
刘荣,恒泰艾普
北京雷曼第十二人科技有限公司,深圳雷曼光电科技股份有限公司
深圳雷曼光电科技股份有限公司,李漫铁
北京雷曼第十二人科技有限公司,深圳雷曼光电科技股份有限公司
上海万豪投资有限公司,万达信息股份有限公司
郭景松,松德智慧装备股份有限公司
福建元力活性炭股份有限公司,卢元健
深圳市腾邦国际商业服务股份有限公司第1期员工持股计划,深圳市腾邦国际商业服务股份有限公司
中海信托-安盈15号<e2>捷成股份</e2>员工持股计划,捷成股份
捷成股份,陈同刚
北京捷成世纪科技股份有限公司,陈同刚
湖南永清投资集团有限责任公司,永清环保股份有限公司
湖南永清投资集团有限责任公司,永清环保股份有限公司
湖南永清投资集团有限责任公司,永清环保股份有限公司
周锦明,潜能恒信能源技术股份有限公司
杨鹏威,江苏长海复合材料股份有限公司
陈志江,福建纳川管材科技股份有限公司
深圳翰宇药业股份有限公司,张有平
广发证券资产管理（广东）有限公司,深圳翰宇药业股份有限公司
广发证券资产管理（广东）有限公司,翰宇药业
武汉天喻信息产业股份有限公司,武汉华工大学科技园发展有限公司
深圳市欣旺达综合能源服务有限公司,欣旺达
易华录,华录亿动科技发展有限公司
赵东日,山东日科化学股份有限公司
山东日科化学股份有限公司,路恩斌
山东日科化学股份有限公司,路恩斌
长沙华福康投资有限公司,湖南千山制药机械股份有限公司
谭颂斌,广东银禧科技股份有限公司
谭颂斌,广东银禧科技股份有限公司
科大智能,任建福
上海钢联电子商务股份有限公司,上海策源置业顾问股份有限公司
史佩浩,上海永利带业股份有限公司
詹立雄,北京银信长远科技股份有限公司
詹立雄,北京银信长远科技股份有限公司
詹立雄,北京银信长远科技股份有限公司
北京银信长远科技股份有限公司,詹立雄
北京银信长远科技股份有限公司,詹立雄
詹立雄,北京银信长远科技股份有限公司
浙江开尔新材料股份有限公司,金利娟
邢翰学,浙江开尔新材料股份有限公司
潍坊美晨投资有限公司,美晨科技
冠昊生物科技股份有限公司,广东知光生物科技有限公司
冠昊生物科技股份有限公司,广东知光生物科技有限公司
浙江迪安诊断技术股份有限公司,杭州迪桂股权投资管理合伙企业（有限合伙）
森隆中投（苏州）创业投资有限责任公司,上海天玑科技股份有限公司
上海嗣承投资管理中心（有限合伙）,上海天玑科技股份有限公司
广东宝莱特医用科技股份有限公司,魏廷占
新开普,刘永春
上海禄森电子有限公司,杭州初灵信息技术股份有限公司
杭州初灵信息技术股份有限公司,杭州初灵创业投资有限公司
上海光线投资控股有限公司,光线传媒
黄昌华,深圳金信诺高新技术股份有限公司
卫宁健康科技集团股份有限公司,周炜
卫宁健康科技集团股份有限公司,周炜
西藏泓灏企业管理有限公司,山西仟源医药集团股份有限公司
山西仟源医药集团股份有限公司,翁占国
张振标,山西仟源医药集团股份有限公司
山西仟源医药集团股份有限公司,翁占国
山西仟源医药集团股份有限公司,左学民
山西仟源医药集团股份有限公司,韩振林
山西仟源医药集团股份有限公司,张彤慧
高树华,河北常山生化药业股份有限公司
浙江星星科技股份有限公司,毛肖林
叶仙玉,浙江星星科技股份有限公司
叶仙玉,浙江星星科技股份有限公司
浙江水晶光电科技股份有限公司,星星科技
水晶光电,星星科技
新天科技股份有限公司,深圳一创新天物联网产业基金企业（有限合伙）
新天科技股份有限公司,深圳一创新天投资管理有限公司
雅本化学股份有限公司,江苏建农植物保护有限公司
江苏通光电子线缆股份有限公司,通光集团有限公司
兴源环境科技股份有限公司,浙江水美环保工程有限公司
无锡和晶科技股份有限公司,徐宏斌
无锡和晶科技股份有限公司,吴阿平
马镇鑫,广东金明精机股份有限公司
符冠华,苏交科集团股份有限公司
符冠华,苏交科集团股份有限公司
飞利信,
王伟,贵阳朗玛信息技术股份有限公司
王伟,贵阳朗玛信息技术股份有限公司
付艳杰,荣科科技股份有限公司
中国华录集团有限公司,北京华录百纳影视股份有限公司
沈阳蓝英工业自动化装备股份有限公司,于承光
宁波奇螺投资管理有限公司,博雅生物制药集团股份有限公司
博雅生物制药集团股份有限公司,深圳市高特佳弘瑞投资有限公司
上海高特佳懿康投资合伙企业（有限合伙）,博雅生物制药集团股份有限公司
博雅生物制药集团股份有限公司,上海高特佳懿康投资合伙企业（有限合伙）
蓝盾信息安全技术股份有限公司,萍乡市瑞兴达投资管理合伙企业（有限合伙）
柯宗庆,蓝盾信息安全技术股份有限公司
富春科技股份有限公司,国信优易数据有限公司
缪知邑,富春科技股份有限公司
汉鼎宇佑互联网股份有限公司,杭州汉鼎宇佑互动娱乐管理有限公司
吴艳,汉鼎宇佑互联网股份有限公司
罗洪鹏,汉鼎宇佑互联网股份有限公司
杭州远方光电信息股份有限公司,浙江红相科技股份有限公司
郭仁祥,吉艾科技
任子行网络技术股份有限公司,深圳前海亚太富邦基金有限公司
任子行网络技术股份有限公司,景晓军
新疆天山畜牧生物工程股份有限公司,呼图壁县天山农业发展有限公司
新疆天山畜牧生物工程股份有限公司,呼图壁县天山农业发展有限公司
北京博晖创新光电技术股份有限公司,杜江涛
华灿光电股份有限公司,周健
上海凯利泰医疗科技股份有限公司,铭诚道（北京）医学科技股份有限公司
东吴证券,苏大维格
科恒股份,陈荣
邵秀英,山东联创互联网传媒股份有限公司
邵秀英,山东联创互联网传媒股份有限公司
邵秀英,山东联创互联网传媒股份有限公司
魏中传,山东联创互联网传媒股份有限公司
张京豫,华鹏飞股份有限公司
永贵电器,
北京东土科技股份有限公司,北京东土电信技术有限公司
北京东土科技股份有限公司,北京东土投资控股有限公司
成都天保节能工程有限公司,成都天翔环境股份有限公司
成都天翔环境股份有限公司,欧盛腾水处理技术（杭州）有限公司
长城国融投资管理有限公司,成都天翔环境股份有限公司
光大资本投资有限公司,成都天翔环境股份有限公司
重庆润生科技有限公司,重庆博腾制药科技股份有限公司
方文,北京恒华伟业科技股份有限公司
江春华,北京恒华伟业科技股份有限公司
东方网力科技股份有限公司,银动科天（杭州）投资管理合伙企业（有限合伙）
浙江安控科技有限公司,北京安控科技股份有限公司
克拉玛依安控科技有限公司,北京安控科技股份有限公司
张洪起,鹏翎股份
易事特集团股份有限公司,神木县润湖光伏科技有限公司
易事特集团股份有限公司,银阳新能源投资有限公司
唐球,深圳市赢时胜信息技术股份有限公司
浙江火神文化传播股份有限公司,深圳市艾比森光电股份有限公司
林建伟,苏州中来光伏新材股份有限公司
北京无线天利移动信息技术股份有限公司,齐亚魁
北京无线天利移动信息技术股份有限公司,上海天彩投资管理有限公司
宝钛集团有限公司,南京宝色股份公司
陕西有色天宏瑞科硅材料有限责任公司,南京宝色股份公司
陕西有色天宏瑞科硅材料有限责任公司,南京宝色股份公司
荣继华,广东道氏技术股份有限公司
荣继华,广东道氏技术股份有限公司
王立伟,北京昆仑万维科技股份有限公司
王立伟,北京昆仑万维科技股份有限公司
Kunlun Group Limited,北京昆仑万维科技股份有限公司
西藏广博环保投资有限责任公司,广西博世科环保科技股份有限公司
吴宏亮,浙江唐德影视股份有限公司
河南清水源科技股份有限公司,新华联控股有限公司
卓红叶,美康生物科技股份有限公司
邹炳德,美康生物科技股份有限公司
美康生物科技股份有限公司,张春实
美康生物科技股份有限公司,重庆美康生物科技有限公司
美康生物科技股份有限公司,肥乡县悦铭企业管理咨询中心（有限合伙）
美康生物科技股份有限公司,泰普生物科学（中国）有限公司
美康生物科技股份有限公司,宁波甬熙投资咨询有限公司
美康生物科技股份有限公司,合肥华浦医药有限公司
耐威科技,北京集成电路投资中心
王健,浙江金科文化产业股份有限公司
王健,浙江金科文化产业股份有限公司
厉达,赛摩电气
厉达,赛摩电气
美尚生态景观股份有限公司,秦文英
美尚生态景观股份有限公司,秦文英
美尚生态景观股份有限公司,秦文英
王迎燕,美尚生态景观股份有限公司
宝钢股份,武钢股份
宝钢股份,武钢股份
宝钢股份,武钢股份
首创华星国际投资有限公司,北京首创股份有限公司
内蒙古包钢钢联股份有限公司,包头钢铁（集团）有限责任公司
华能国际电力股份有限公司,中国华能集团公司
武钢有限,宝钢股份
山东钢铁股份有限公司,山信软件股份有限公司
山东钢铁集团济钢板材有限公司,山东钢铁股份有限公司
山东钢铁集团有限公司,山东钢铁股份有限公司
莱芜钢铁集团有限公司,山东钢铁股份有限公司
山东钢铁集团有限公司,山东钢铁股份有限公司
济钢国际融资租赁有限公司,山东钢铁股份有限公司
浙江浙能融资租赁有限公司,浙江浙能电力股份有限公司
中远海运能源运输股份有限公司,广州振华船务有限公司
三一集团有限公司,三一重工股份有限公司
深圳市三一科技有限公司,三一重工股份有限公司
三一集团有限公司,三一重工股份有限公司
三一重工股份有限公司,湖南三一路面机械有限公司
员工持股计划,招商银行股份有限公司
北京歌华有线电视网络股份有限公司,北京北广传媒集团有限公司
北京歌华有线电视网络股份有限公司,北京环球国广媒体科技有限公司
北京歌华有线电视网络股份有限公司,北京北广传媒影视有限公司
北京歌华有线电视网络股份有限公司,北京北广传媒集团有限公司
福州大通机电有限公司,冠城大通股份有限公司
福州大通机电有限公司,冠城大通股份有限公司
诸暨富润染整有限公司,浙江富润股份有限公司
浙江富润,江有归
浙江富润,江有归
浙江富润股份有限公司,诸暨市富润老年康乐中心
诸暨富润染整有限公司,浙江富润股份有限公司
何四新,浙江富润股份有限公司
凤凰光学股份有限公司,凤凰光学控股有限公司
凤凰光学股份有限公司,凤凰光学控股有限公司
上海正广和网上购物有限公司,上海梅林正广和股份有限公司
庄敏,江苏保千里视像科技集团股份有限公司
江苏保千里视像科技集团股份有限公司,庄敏
江阴澄星实业集团有限公司,江苏澄星磷化工股份有限公司
第一期员工持股计划,金花企业(集团)股份有限公司
中信国安葡萄酒业股份有限公司,中信国安（西藏）创新基金管理有限公司
腾冲嘉德利实业有限公司,东方金钰股份有限公司
浙江新湖集团股份有限公司,哈尔滨高科技(集团)股份有限公司
广州发展集团股份有限公司,长江电力
江苏永鼎股份有限公司,永鼎集团有限公司
重庆路桥股份有限公司,益民基金管理有限公司
甘肃省农垦房地产综合开发公司,甘肃亚盛实业(集团)股份有限公司
邓建宇,西宁特钢
中国卫星,航天恒星空间技术应用有限公司
中国卫星,航天恒星空间技术应用有限公司
浙江东方集团股份有限公司,浙江省国际贸易集团有限公司
浙江东方集团股份有限公司,永安期货股份有限公司
金健米业股份有限公司,湖南粮食集团有限责任公司
江苏弘业股份有限公司,江苏省纺织集团有限公司
江苏弘文置业有限公司,江苏弘业股份有限公司
江苏弘业股份有限公司,江苏省纺织集团有限公司
重庆桐君阁股份有限公司,重庆太极实业(集团)股份有限公司
武汉当代明诚文化股份有限公司,上海耐丝投资管理中心（有限合伙）
蒋立章,武汉当代明诚文化股份有限公司
宜昌兴发集团有限责任公司,湖北兴发化工集团股份有限公司
金发科技,熊海涛
金发科技,熊海涛
中国船舶工业集团公司,中国船舶工业股份有限公司
上海航融新能源科技有限公司,上海航天汽车机电股份有限公司
维科控股集团股份有限公司,宁波维科精华集团股份有限公司
宝硕股份,盘江股份
永泰能源股份有限公司,华瀛石油化工有限公司
上海中能企业发展（集团）有限公司,宁夏新日恒力钢丝绳股份有限公司
宁夏新日恒力钢丝绳股份有限公司,宁夏华辉活性炭股份有限公司
上海中能企业发展（集团）有限公司,宁夏新日恒力钢丝绳股份有限公司
联美控股,沈阳华新联美置业有限公司
太原重工股份有限公司,太原重型机械集团有限公司
河南黄河旋风股份有限公司,河南黄河实业集团股份有限公司
安通控股股份有限公司,郭东泽
浙江睿康投资有限公司,莲花健康产业集团股份有限公司
浙江睿康投资有限公司,莲花健康产业集团股份有限公司
吉隆厚康实业有限公司,黑龙江国中水务股份有限公司
兖州煤业股份有限公司,上海中期期货有限公司
上海百汇星融投资控股有限公司,上海创兴资源开发股份有限公司
上海百汇星融投资控股有限公司,上海创兴资源开发股份有限公司
罗顿发展股份有限公司,北京德稻教育投资有限公司
中国再生资源开发有限公司,中再资源环境股份有限公司
山东怡力电业有限公司,山东南山铝业股份有限公司
海航集团西南总部有限公司,海南航空控股股份有限公司
海航旅游集团有限公司,海南航空控股股份有限公司
天航控股有限责任公司,海南航空控股股份有限公司
大新华航空有限公司,海南航空控股股份有限公司
浙江瀚叶股份有限公司,成都炎龙科技有限公司
凌源钢铁股份有限公司,凌源钢铁集团有限责任公司
浙江金鹰集团有限公司,金鹰股份
圆通速递,上海圆通蛟龙投资发展（集团）有限公司
民丰特种纸股份有限公司,嘉兴民丰集团有限公司
辽宁万恒集团有限公司,辽宁时代万恒股份有限公司
辽宁万恒集团有限公司,辽宁时代万恒股份有限公司
辽宁时代万恒控股集团有限公司,辽宁时代万恒股份有限公司
白骅,浙江海正药业股份有限公司
江西赣粤高速公路股份有限公司,江西省高速公路投资集团有限责任公司
江西昌泰高速公路有限责任公司,江西赣粤高速公路股份有限公司
中外运空运发展股份有限公司,中国外运长航集团有限公司
上海开开实业股份有限公司,上海比昂建筑装潢工程有限公司
阳煤集团昔阳化工有限责任公司,太原化工股份有限公司
上海浦东路桥建设股份有限公司,宰正浩
上海浦东路桥建设股份有限公司,宰正浩
陈燕,河南羚锐制药股份有限公司
郑素贞,大恒新纪元科技股份有限公司
郑素贞,大恒新纪元科技股份有限公司
郑素贞,大恒新纪元科技股份有限公司
亿阳集团股份有限公司,亿阳信通股份有限公司
华仪电气股份有限公司,华时能源科技集团有限公司
许锡忠,湖北三峡新型建材股份有限公司
维维集团股份有限公司,维维食品饮料股份有限公司
广西桂能电力有限责任公司,广西桂东电力股份有限公司
巢湖海螺水泥有限公司,安徽新力金融股份有限公司
北京光耀东方航天桥购物中心有限公司,潍坊亚星化学股份有限公司
深圳品汇投资有限公司,潍坊亚星化学股份有限公司
珠海华发实业股份有限公司,珠海市海川地产有限公司
珠海华发投资发展有限公司,珠海华发实业股份有限公司
无锡商业大厦大东方股份有限公司,张继福
天津中新药业集团股份有限公司,天津金草国药投资有限公司
天通控股股份有限公司,海宁东方天力创新产业投资合伙企业（有限合伙）
四川宏达股份有限公司,四川宏达（集团）有限公司
美克投资集团有限公司,美克国际家居用品股份有限公司
昆仑金融租赁有限责任公司,中国石油集团工程股份有限公司
阳泉煤业(集团)股份有限公司,阳泉煤业（集团）有限责任公司
山东高速潍莱公路有限公司,山东高速股份有限公司
山东高速股份有限公司,山东高速齐鲁建设集团公司
牡丹江恒丰纸业股份有限公司,牡丹江恒丰纸业集团有限责任公司
国旅联合股份有限公司,厦门当代投资集团有限公司
厦门当代旅游资源开发有限公司,国旅联合股份有限公司
新疆塔里木农业综合开发股份有限公司,恒天海龙
北京华联综合超市股份有限公司,华联股份
宁波韵升,宁波韵声精机有限公司
宁波韵升股份有限公司,韵升控股集团有限公司
宁波韵升股份有限公司,韵升控股集团有限公司
华菱星马汽车(集团)股份有限公司,江东控股集团有限责任公司
深圳市百业源投资有限公司,健康元药业集团股份有限公司
兴宁市众益福投资有限公司,广东明珠集团股份有限公司
广州粤泰集团股份有限公司,付恩平
安源煤业集团股份有限公司,丰城矿务局
江苏红豆实业股份有限公司,红豆集团公司远东有限公司
周致远,江苏红豆实业股份有限公司
江苏红豆实业股份有限公司,红豆投资有限公司
江苏红豆实业股份有限公司,红豆集团有限公司
华君电力有限公司,海润光伏科技股份有限公司
董勇强,动力源
董勇强,动力源
唐山三友碱业（集团）有限公司,唐山三友化工股份有限公司
湘潭电机股份有限公司,湘电集团有限公司
安徽江淮汽车集团控股有限公司,江淮汽车
中国医药工业研究总院,上海现代制药股份有限公司
北京华方科泰医药有限公司,昆药集团股份有限公司
中国远洋运输（集团）总公司,中远海运特种运输股份有限公司
北京三元食品股份有限公司,北京三元创业投资有限公司
广东冠豪高新技术股份有限公司,中国纸业投资有限公司
深圳市金证科技股份有限公司,人谷科技（北京）有限责任公司
滨州市国有资产经营有限公司,华纺股份有限公司
宝钛集团有限公司,宝鸡钛业股份有限公司
宝钛集团有限公司,宝鸡钛业股份有限公司
株洲时代新材料科技股份有限公司,青岛南车华轩水务有限公司
山东好当家海洋发展股份有限公司,好当家集团有限公司
天津百利特精电气股份有限公司,天津液压机械（集团）有限公司
天津百利特精电气股份有限公司,天津液压机械（集团）有限公司
陆拥军,杭萧钢构股份有限公司
科力远,
湖南科力远新能源股份有限公司,湖南科力远高技术集团有限公司
江苏扬农化工股份有限公司,中国对外经济贸易信托有限公司
崔根良,江苏亨通光电股份有限公司
天津渤海医药产业结构调整股权投资基金有限公司,天津天药药业股份有限公司
天津金耀集团有限公司,天津天药药业股份有限公司
中金黄金股份有限公司,中国黄金集团公司
长江精工钢结构(集团)股份有限公司,中建信控股集团上海置业有限公司
长江精工钢结构(集团)股份有限公司,安徽长江精工装备科技有限公司
驰宏锌锗,苏庭宝
广东科达洁能股份有限公司,科达机电(香港)有限公司
中化国际,沈阳化工研究院有限公司
中国中化集团有限公司,中化国际
员工持股计划,安徽水利
西藏华孚投资有限公司,华丽家族股份有限公司
西藏华孚投资有限公司,华丽家族股份有限公司
华丽家族股份有限公司,陈孝刚
华丽家族股份有限公司,上海南江（集团）有限公司
方大特钢科技股份有限公司,江西方大钢铁集团华物电子商务有限公司
方大特钢科技股份有限公司,江西宜春重工集团有限公司
新疆天富能源股份有限公司,新疆天富集团有限责任公司
国药集团药业股份有限公司,国药控股股份有限公司
中天科技集团有限公司,江苏中天科技股份有限公司
深圳市沃尔核材股份有限公司,长园集团股份有限公司
长园集团,吴启权
沃尔核材,长园集团
陶国平,江苏江南高纤股份有限公司
陶国平,江苏江南高纤股份有限公司
山东省药用玻璃股份有限公司,淄博金牛投资股份有限公司
山东省药用玻璃股份有限公司,淄博金牛投资股份有限公司
淄博鑫联投资股份有限公司,山东省药用玻璃股份有限公司
南京栖霞建设股份有限公司,河北银行股份有限公司
南京栖霞建设股份有限公司,南京栖霞建设集团有限公司
天士力医药集团股份有限公司,天士力（香港）药业有限公司
江苏康缘美域生物医药有限公司,江苏康缘药业股份有限公司
江苏康缘集团有限责任公司,江苏康缘药业股份有限公司
大西洋,天津大西洋焊接材料有限公司
恒生电子股份有限公司,官晓岚
恒生电子股份有限公司,倪守奇
信雅达系统工程股份有限公司,杭州趣链科技有限公司
信雅达系统工程股份有限公司,杭州谐云科技有限公司
浙江康恩贝制药股份有限公司,朱麟
浙江康恩贝制药股份有限公司,朱麟
卧龙控股集团有限公司,卧龙电气集团股份有限公司
宝钢集团新疆八一钢铁有限公司,新疆八一钢铁股份有限公司
江阴芯智联电子科技有限公司,江苏长电科技股份有限公司
江苏长电科技股份有限公司,江苏新潮科技集团有限公司
山东能源医疗健康投资有限公司,山东新华医疗器械股份有限公司
上海众贡信息服务有限公司,大众交通(集团)股份有限公司
大众交通(集团)股份有限公司,上海大众嘉定污水处理有限公司
大众交通(集团)股份有限公司,上海大众公用事业（集团）股份有限公司
上海大众企业管理有限公司,大众交通(集团)股份有限公司
上海丰华(集团)股份有限公司,隆鑫控股有限公司
上海丰华(集团)股份有限公司,隆鑫控股有限公司
上海丰华(集团)股份有限公司,隆鑫控股有限公司
上海华谊集团企业发展有限公司,上海氯碱化工股份有限公司
上海华谊集团企业发展有限公司,上海氯碱化工股份有限公司
上海华谊（集团）公司,上海氯碱化工股份有限公司
上海华鑫股份有限公司,上海仪电资产经营管理(集团)有限公司
EBA Investments (Advisory)Limited,光大嘉宝股份有限公司
嘉定建业投资开发公司,光大嘉宝股份有限公司
上海新南东项目管理有限公司,上海新世界股份有限公司
浙报传媒控股集团有限公司,浙报数字文化集团股份有限公司
上海大众公用事业(集团)股份有限公司,上海大众企业管理有限公司
上海大众公用事业(集团)股份有限公司,大众汽车租赁有限公司
上海大众公用事业(集团)股份有限公司,上海大众企业管理有限公司
中源协和细胞基因工程股份有限公司,天津滨海协和投资有限公司
上海同达创业投资股份有限公司,首泰金信(北京)股权投资基金管理有限公司
上海外高桥集团股份有限公司,上海外高桥资产管理有限公司
上海外高桥集团股份有限公司,上海外高桥资产管理有限公司
上海城投控股股份有限公司,西部证券股份有限公司
上海锦江国际实业投资股份有限公司,BALANCE GLOBAL LIMITED
华晨汽车集团控股有限公司,上海申华控股股份有限公司
深圳市中恒汇志投资有限公司,中安消股份有限公司
上海交大产业投资管理（集团）有限公司,上海新南洋股份有限公司
上海陆家嘴金融贸易区开发股份有限公司,上海陆家嘴(集团)有限公司
上海陆家嘴金融贸易区开发股份有限公司,上海前滩国际商务区投资(集团)有限公司
杨宗昌,杭州天目山药业股份有限公司
中华企业股份有限公司,上海金丰投资有限公司
百川能源股份有限公司,曹飞
百川能源股份有限公司,曹飞
曹飞,百川能源股份有限公司
刚泰控股,广州市优娜珠宝首饰有限公司
甘肃刚泰控股(集团)股份有限公司,广州市优娜珠宝首饰有限公司
刚泰集团有限公司,甘肃刚泰控股(集团)股份有限公司
福建丰琪投资有限公司,福建东百集团股份有限公司
大商股份有限公司,大商嘉华集团有限公司
大商股份有限公司,大商嘉华集团有限公司
鲜言,上海岩石企业发展股份有限公司
鲜言,上海岩石企业发展股份有限公司
三河市华燕商业服务有限公司,哈尔滨工大高新技术产业开发股份有限公司
哈尔滨工大集团股份有限公司,哈尔滨工大高新技术产业开发股份有限公司
福建三安集团有限公司,三安光电股份有限公司
福建三安集团有限公司,三安光电股份有限公司
中航资本控股股份有限公司,中国航空技术国际控股有限公司
北京文创产业基金-屹唐定增基金,文投控股股份有限公司
天津港股份有限公司,天津金岸重工有限公司
天津港,天津金岸重工有限公司
天津港股份有限公司,天津振港通信工程有限公司
冀中能源股份有限公司,河北金牛化工股份有限公司
云南煤化工集团有限公司,云南云维股份有限公司
云南云维集团有限公司,云南云维股份有限公司
苏州高新创业投资集团有限公司,苏州新区高新技术产业股份有限公司
苏州新区高新技术产业股份有限公司,苏州市苏迪物业有限公司
苏州新区高新技术产业股份有限公司,苏州高新创业投资集团有限公司
苏州新区高新技术产业股份有限公司,苏州高新创业投资集团有限公司
苏州新区高新技术产业股份有限公司,苏州高新创业投资集团有限公司
辽宁成大股份有限公司,新疆宝明矿业有限公司
辽宁成大股份有限公司,新疆宝明矿业有限公司
辽宁省国有资产经营有限公司,辽宁成大股份有限公司
辽宁省国有资产经营有限公司,辽宁成大股份有限公司
华域汽车系统股份有限公司,上海汽车集团股份有限公司
西藏中茵矿业投资有限公司,闻泰科技股份有限公司
上海实业发展股份有限公司,上海上实龙创智慧能源科技股份有限公司
上海实业发展股份有限公司,上实丰泽置业有限公司
九州通,江中药业股份有限公司
九州通,江中药业股份有限公司
九州通医药集团股份有限公司,江中药业股份有限公司
天津天海投资发展股份有限公司,上海尚融供应链管理有限公司
厦门国贸集团股份有限公司,厦门国贸控股有限公司
厦门国贸集团股份有限公司,厦门国贸控股有限公司
浪潮软件股份有限公司,浪潮信息
洲际油气股份有限公司,广西正和实业集团有限公司
洲际油气股份有限公司,上海泷洲鑫科能源投资有限公司
通策医疗投资股份有限公司,浙江存济医疗教育基金会
中国电子信息产业集团有限公司,中电广通
江苏综艺股份有限公司,堆龙中星微管理咨询有限公司
新余钢铁股份有限公司,新余钢铁集团有限公司
新余钢铁集团有限公司,新余钢铁股份有限公司
中储发展股份有限公司,中国物资储运总公司
浙江中国轻纺城集团股份有限公司,浙江中国轻纺城网络有限公司
云煤能源,昆明钢铁控股有限公司
国电电力发展股份有限公司,中国国电集团公司大武口发电厂
杭州桢翔投资管理有限公司,浙大网新科技股份有限公司
杭州网新准乾资产管理有限公司,浙大网新科技股份有限公司
浙大网新科技股份有限公司,浙江浙大网新集团有限公司
杭州成尚科技有限公司,浙大网新科技股份有限公司
北京宏峰富源投资有限公司,浙大网新科技股份有限公司
浙大网新科技股份有限公司,宏峰富源
启迪科技服务有限公司,沈机集团昆明机床股份有限公司
中国平煤神马能源化工集团有限责任公司,神马实业股份有限公司
东方集团股份有限公司,西藏同达投资有限公司
东方集团实业股份有限公司,东方集团
安信信托股份有限公司,上海国正投资管理有限公司
上海国之杰投资发展有限公司,安信信托股份有限公司
上海国之杰投资发展有限公司,安信信托股份有限公司
安信信托股份有限公司,上海国正投资管理有限公司
安信信托股份有限公司,上海国正投资管理有限公司
上海世茂股份有限公司,上海世茂建设有限公司
上海新华传媒股份有限公司,上海新华发行集团有限公司
上海新华传媒股份有限公司,上海明歆投资发展中心（有限合伙）
百联集团有限公司,上海百联集团股份有限公司
百联集团有限公司,上海百联集团股份有限公司
陕西广电网络传媒(集团)股份有限公司,陕西省广播电视信息网络股份有限公司
上海申通地铁股份有限公司,上海地铁资产投资管理有限公司
龙建路桥股份有限公司,黑龙江省公路桥梁建设集团有限公司
通化东宝药业股份有限公司,华广生技股份有限公司
东宝实业集团有限公司,通化东宝药业股份有限公司
东宝实业集团有限公司,通化东宝药业股份有限公司
杨国立,广东梅雁吉祥水电股份有限公司
广东客都房地产开发有限公司,广东梅雁吉祥水电股份有限公司
王春芳,厦门华侨电子股份有限公司
吉林金塔投资股份有限公司,吉林亚泰(集团)股份有限公司
雅砻江水电凉山有限公司,国投电力控股股份有限公司
国投资产管理公司,国投电力控股股份有限公司
南京新工投资集团有限责任公司,南京化纤股份有限公司
颐和黄金制品有限公司,哈尔滨秋林集团股份有限公司
周镇科,大晟时代文化投资股份有限公司
周镇科,大晟时代文化投资股份有限公司
周镇科,大晟时代文化投资股份有限公司
周镇科,大晟时代文化投资股份有限公司
中远海远（广州）有限公司,览海医疗产业投资股份有限公司
中国海运（集团）总公司,览海医疗产业投资股份有限公司
重庆燃气集团股份有限公司,全资子公司重庆合川燃气有限责任公司
山东滨州渤海活塞股份有限公司,北京新能源汽车股份有限公司
山东滨州渤海活塞股份有限公司,北京海纳川汽车部件股份有限公司
刘建国,岳阳林纸股份有限公司
岳阳林纸股份有限公司,中冶美利浆纸有限公司
岳阳林纸股份有限公司,泰格林纸集团股份有限公司
江苏汇鸿国际集团股份有限公司,江苏苏汇资产管理有限公司
陕西建设机械股份有限公司,王改霞
陕西建设机械股份有限公司,柴昭一
安徽四创电子股份有限公司,华东电子工程研究所
马应龙药业集团股份有限公司,湖北高投鑫龙投资管理有限公司
中国宝安集团资产管理有限公司,马应龙药业集团股份有限公司
唐山港集团股份有限公司,唐山港口实业集团有限公司
大同煤矿集团外经贸有限责任公司,大同煤业股份有限公司
大同煤矿集团外经贸有限责任公司,大同煤业股份有限公司
晋亿实业股份有限公司,晋亿物流有限公司
大秦铁路股份有限公司,太原铁路局
金陵饭店股份有限公司,南京金陵饭店集团有限公司
金陵饭店股份有限公司,南京世界贸易中心有限责任公司
陕西黄河矿业（集团）有限责任公司,陕西黑猫焦化股份有限公司
中节能风力发电股份有限公司,中国节能环保集团公司
中节能风力发电股份有限公司,中国节能环保集团公司
中国航空集团公司,中国国际航空股份有限公司
三江购物俱乐部股份有限公司,上海和安投资管理有限公司
重庆水务集团股份有限公司,重庆中法供水有限公司
杭州市萧山区国有资产经营总公司,杭州前进齿轮箱集团股份有限公司
中国铁建股份有限公司,中国铁道建筑总公司
江苏吉鑫风能科技股份有限公司,包士金
广州汽车集团股份有限公司,广汽日野汽车有限公司
百隆东方股份有限公司,宁波江东百隆房地产有限公司
百隆东方股份有限公司,宁波百隆贸易有限公司
中国铁路工程总公司,中国中铁股份有限公司
中国中车集团公司,中国中车股份有限公司
中国中车集团公司,中国中车股份有限公司
力帆实业(集团)股份有限公司,陈卫
力帆股份,陈卫
力帆股份,陈卫
力帆实业(集团)股份有限公司,陈卫
力帆股份,陈卫
力帆实业(集团)股份有限公司,陈卫
北京中交招银路桥基金合伙企业,中国交通建设股份有限公司
北京中交招银路桥基金合伙企业,中国交通建设股份有限公司
第一期员工持股计划,紫金矿业集团股份有限公司
江苏凤凰出版传媒股份有限公司,江苏凤凰出版传媒集团有限公司
中国大唐集团核电有限公司,大唐国际发电股份有限公司
同煤大唐塔山第二发电有限责任公司,大唐国际发电股份有限公司
福建宁德核电有限公司,大唐国际发电股份有限公司
河北蔚州能源综合开发有限公司,大唐国际发电股份有限公司
华北电力科学院有限责任公司,大唐国际发电股份有限公司
大唐西藏波堆水电开发有限公司,大唐国际发电股份有限公司
中国大唐集团财务有限公司,大唐国际发电股份有限公司
中国大唐集团财务有限公司,大唐国际发电股份有限公司
刘振光,上海龙宇燃油股份有限公司
周伟成,喜临门家具股份有限公司
靳晓堂,上海北特科技股份有限公司
靳晓堂,上海北特科技股份有限公司
张德华,山东华鹏玻璃股份有限公司
张德华,山东华鹏玻璃股份有限公司
江苏盛和投资有限公司,南京音飞储存设备(集团)股份有限公司
陈邦锐,浙江天成自控股份有限公司
上海沪瑞实业有限公司,江苏万林现代物流股份有限公司
陈德康,浙江莎普爱思药业股份有限公司
兰州兰石换热设备有限责任公司,兰州兰石重型装备股份有限公司
江苏亚邦染料股份有限公司,连云港亚邦龙涛置业有限公司
江苏亚邦染料股份有限公司,连云港亚邦龙涛置业有限公司
杜应流,安徽应流机电股份有限公司
朱朝阳,广西柳州医药股份有限公司
朱朝阳,广西柳州医药股份有限公司
朱朝阳,广西柳州医药股份有限公司
江苏今世缘酒业股份有限公司,江苏聚缘机械设备有限公司
江苏今世缘酒业股份有限公司,江苏聚缘机械设备有限公司
虎林创达投资有限公司,黑龙江珍宝岛药业股份有限公司
诺力股份,张科
韩建集团,北京韩建河山管业股份有限公司
上海龙韵广告传播股份有限公司,庄静娜
王珍海,威龙葡萄酒股份有限公司
湖南老百姓医药投资管理有限公司,老百姓大药房连锁股份有限公司
湖南老百姓医药投资管理有限公司,老百姓大药房连锁股份有限公司
上海吉祥航空股份有限公司,上海吉祥航空香港有限公司
杭州永创智能设备股份有限公司,杭州艾希计算机科技有限公司
罗邦毅,永创智能
罗邦毅,杭州永创智能设备股份有限公司
上海金桥信息股份有限公司,航美传媒集团有限公司
上海金桥信息股份有限公司,航美传媒集团
上海金桥信息股份有限公司,航美传媒集团
内蒙古伊泰煤炭股份有限公司,内蒙古伊泰集团有限公司
新城控股集团股份有限公司,江苏新城地产股份有限公司
黄石东贝电器股份有限公司,黄石东贝制冷有限公司
